{"cameraMode":{"drawMode":0,"name":"Shaded","section":"Shading Mode"},"sceneLighting":true,"audioPlay":false,"sceneViewState":{"m_AlwaysRefresh":false,"showFog":true,"showSkybox":false,"showFlares":true,"showImageEffects":true,"showParticleSystems":true,"showVisualEffectGraphs":true,"m_FxEnabled":true},"in2DMode":false,"pivot":{"x":25.954233169555665,"y":-0.5223913192749023,"z":72.93596649169922},"rotation":{"x":-0.35249829292297366,"y":0.1837323009967804,"z":-0.07132680714130402,"w":-0.9150363206863403},"size":18.262739181518556,"orthographic":false}