{"cameraMode":{"drawMode":0,"name":"Shaded","section":"Shading Mode"},"sceneLighting":false,"audioPlay":false,"sceneViewState":{"m_AlwaysRefresh":false,"showFog":true,"showSkybox":false,"showFlares":true,"showImageEffects":true,"showParticleSystems":true,"showVisualEffectGraphs":true,"m_FxEnabled":true},"in2DMode":false,"pivot":{"x":0.39234331250190737,"y":1.4001431465148926,"z":0.3364635109901428},"rotation":{"x":-0.18437592685222627,"y":0.8108421564102173,"z":-0.34137213230133059,"w":-0.43840694427490237},"size":0.16219812631607057,"orthographic":false}