{"cameraMode":{"drawMode":0,"name":"Shaded","section":"Shading Mode"},"sceneLighting":true,"audioPlay":false,"sceneViewState":{"m_AlwaysRefresh":false,"showFog":true,"showSkybox":false,"showFlares":true,"showImageEffects":true,"showParticleSystems":true,"showVisualEffectGraphs":true,"m_FxEnabled":true},"in2DMode":false,"pivot":{"x":0.16599997878074647,"y":0.5550000071525574,"z":0.4729999899864197},"rotation":{"x":-0.08206082135438919,"y":0.7959686517715454,"z":-0.11079252511262894,"w":-0.5894696116447449},"size":1.9600942134857178,"orthographic":false}