{"cameraMode":{"drawMode":0,"name":"Shaded","section":"Shading Mode"},"sceneLighting":true,"audioPlay":false,"sceneViewState":{"m_AlwaysRefresh":false,"showFog":true,"showSkybox":false,"showFlares":true,"showImageEffects":true,"showParticleSystems":true,"showVisualEffectGraphs":true,"m_FxEnabled":true},"in2DMode":false,"pivot":{"x":-0.4149617552757263,"y":0.12967362999916078,"z":0.07530593872070313},"rotation":{"x":0.022066915407776834,"y":0.9774051308631897,"z":-0.1376345008611679,"w":0.16049179434776307},"size":2.593475818634033,"orthographic":false}