{"cameraMode":{"drawMode":0,"name":"Shaded","section":"Shading Mode"},"sceneLighting":true,"audioPlay":false,"sceneViewState":{"m_AlwaysRefresh":false,"showFog":true,"showSkybox":false,"showFlares":true,"showImageEffects":true,"showParticleSystems":true,"showVisualEffectGraphs":true,"m_FxEnabled":true},"in2DMode":false,"pivot":{"x":-0.2636679410934448,"y":0.6454384326934815,"z":0.4523444175720215},"rotation":{"x":-0.031053749844431878,"y":0.9658104181289673,"z":-0.22129905223846436,"w":-0.13335734605789185},"size":7.099184036254883,"orthographic":false}