{"cameraMode":{"drawMode":0,"name":"Shaded","section":"Shading Mode"},"sceneLighting":true,"audioPlay":false,"sceneViewState":{"m_AlwaysRefresh":false,"showFog":true,"showSkybox":false,"showFlares":true,"showImageEffects":true,"showParticleSystems":true,"showVisualEffectGraphs":true,"m_FxEnabled":true},"in2DMode":false,"pivot":{"x":709.1244506835938,"y":348.8392028808594,"z":154.84207153320313},"rotation":{"x":-0.1734107881784439,"y":-0.15116345882415772,"z":0.026929693296551706,"w":-0.9728363752365112},"size":1098.0103759765625,"orthographic":false}