{"cameraMode":{"drawMode":0,"name":"Shaded","section":"Shading Mode"},"sceneLighting":false,"audioPlay":false,"sceneViewState":{"m_AlwaysRefresh":false,"showFog":true,"showSkybox":false,"showFlares":true,"showImageEffects":true,"showParticleSystems":true,"showVisualEffectGraphs":true,"m_FxEnabled":true},"in2DMode":false,"pivot":{"x":-0.05632603168487549,"y":4.636247634887695,"z":-0.04581093788146973},"rotation":{"x":0.07318554818630219,"y":-0.12370166927576065,"z":0.009094460867345333,"w":0.9896735548973084},"size":4.248704433441162,"orthographic":false}