{"cameraMode":{"drawMode":0,"name":"Shaded","section":"Shading Mode"},"sceneLighting":true,"audioPlay":false,"sceneViewState":{"m_AlwaysRefresh":false,"showFog":true,"showSkybox":true,"showFlares":true,"showImageEffects":true,"showParticleSystems":true,"showVisualEffectGraphs":true,"m_FxEnabled":true},"in2DMode":false,"pivot":{"x":5.273980617523193,"y":0.027138710021972657,"z":4.892462253570557},"rotation":{"x":-0.3503027558326721,"y":-0.2222484052181244,"z":0.08592971414327622,"w":-0.9058365225791931},"size":6.4818034172058109,"orthographic":false}