{"cameraMode":{"drawMode":0,"name":"Shaded","section":"Shading Mode"},"sceneLighting":true,"audioPlay":false,"sceneViewState":{"m_AlwaysRefresh":false,"showFog":true,"showSkybox":true,"showFlares":true,"showImageEffects":true,"showParticleSystems":true,"showVisualEffectGraphs":true,"m_FxEnabled":true},"in2DMode":false,"pivot":{"x":92.6224594116211,"y":57.83306884765625,"z":159.24496459960938},"rotation":{"x":-0.017102720215916635,"y":0.0056973546743392948,"z":0.00017560485866852105,"w":0.9999834299087524},"size":124.13273620605469,"orthographic":true}