{"cameraMode":{"drawMode":0,"name":"Shaded","section":"Shading Mode"},"sceneLighting":true,"audioPlay":false,"sceneViewState":{"m_AlwaysRefresh":false,"showFog":true,"showSkybox":true,"showFlares":true,"showImageEffects":true,"showParticleSystems":true,"showVisualEffectGraphs":true,"m_FxEnabled":true},"in2DMode":false,"pivot":{"x":0.8936601877212524,"y":2.9404516220092775,"z":19.690532684326173},"rotation":{"x":0.11157101392745972,"y":-0.574692964553833,"z":0.07947023212909699,"w":0.8069353699684143},"size":22.686853408813478,"orthographic":false}