{"cameraMode":{"drawMode":0,"name":"Shaded","section":"Shading Mode"},"sceneLighting":true,"audioPlay":false,"sceneViewState":{"m_AlwaysRefresh":false,"showFog":true,"showSkybox":true,"showFlares":true,"showImageEffects":true,"showParticleSystems":true,"showVisualEffectGraphs":true,"m_FxEnabled":true},"in2DMode":false,"pivot":{"x":168.79017639160157,"y":34.84543991088867,"z":75.13699340820313},"rotation":{"x":0.22185063362121583,"y":-0.17276188731193543,"z":0.04051971435546875,"w":0.9591498374938965},"size":79.41361999511719,"orthographic":false}