{"cameraMode":{"drawMode":0,"name":"Shaded","section":"Shading Mode"},"sceneLighting":true,"audioPlay":false,"sceneViewState":{"m_AlwaysRefresh":false,"showFog":true,"showSkybox":true,"showFlares":true,"showImageEffects":true,"showParticleSystems":true,"showVisualEffectGraphs":true,"m_FxEnabled":true},"in2DMode":false,"pivot":{"x":-3.6686806678771974,"y":1.8454861640930176,"z":4.080718040466309},"rotation":{"x":-0.02211911790072918,"y":0.9561522006988525,"z":-0.0756620466709137,"w":-0.28263580799102785},"size":15.440899848937989,"orthographic":false}