{"cameraMode":{"drawMode":0,"name":"Shaded","section":"Shading Mode"},"sceneLighting":true,"audioPlay":false,"sceneViewState":{"m_AlwaysRefresh":false,"showFog":true,"showSkybox":true,"showFlares":true,"showImageEffects":true,"showParticleSystems":true,"showVisualEffectGraphs":true,"m_FxEnabled":true},"in2DMode":false,"pivot":{"x":129.24407958984376,"y":37.42584991455078,"z":85.03726959228516},"rotation":{"x":0.48707205057144167,"y":0.058085229247808459,"z":-0.02890060842037201,"w":0.8715868592262268},"size":1.1400580406188965,"orthographic":false}