{"cameraMode":{"drawMode":0,"name":"Shaded","section":"Shading Mode"},"sceneLighting":false,"audioPlay":false,"sceneViewState":{"m_AlwaysRefresh":false,"showFog":true,"showSkybox":false,"showFlares":true,"showImageEffects":true,"showParticleSystems":true,"showVisualEffectGraphs":true,"m_FxEnabled":true},"in2DMode":false,"pivot":{"x":3.2950668334960939,"y":0.5830001831054688,"z":12.059999465942383},"rotation":{"x":0.18106529116630555,"y":-0.11464732885360718,"z":0.021185463294386865,"w":0.976632297039032},"size":29.146953582763673,"orthographic":false}