{"cameraMode":{"drawMode":0,"name":"Shaded","section":"Shading Mode"},"sceneLighting":false,"audioPlay":false,"sceneViewState":{"m_AlwaysRefresh":false,"showFog":true,"showSkybox":false,"showFlares":true,"showImageEffects":true,"showParticleSystems":true,"showVisualEffectGraphs":true,"m_FxEnabled":true},"in2DMode":false,"pivot":{"x":21.366676330566408,"y":0.8302574157714844,"z":-12.648330688476563},"rotation":{"x":0.0038032052107155325,"y":-0.9779964089393616,"z":0.20783738791942597,"w":0.017895467579364778},"size":36.285804748535159,"orthographic":false}