{"cameraMode":{"drawMode":0,"name":"Shaded","section":"Shading Mode"},"sceneLighting":false,"audioPlay":false,"sceneViewState":{"m_AlwaysRefresh":false,"showFog":true,"showSkybox":false,"showFlares":true,"showImageEffects":true,"showParticleSystems":true,"showVisualEffectGraphs":true,"m_FxEnabled":true},"in2DMode":false,"pivot":{"x":54.95343780517578,"y":1.526486873626709,"z":101.67729949951172},"rotation":{"x":-0.09780164808034897,"y":0.7304724454879761,"z":-0.10747025161981583,"w":-0.6674536466598511},"size":0.08612930774688721,"orthographic":false}