{"cameraMode":{"drawMode":0,"name":"Shaded","section":"Shading Mode"},"sceneLighting":false,"audioPlay":false,"sceneViewState":{"m_AlwaysRefresh":false,"showFog":true,"showSkybox":false,"showFlares":true,"showImageEffects":true,"showParticleSystems":true,"showVisualEffectGraphs":true,"m_FxEnabled":true},"in2DMode":false,"pivot":{"x":22.360004425048829,"y":0.8300000429153442,"z":15.260000228881836},"rotation":{"x":0.20975805819034577,"y":-0.13286679983139039,"z":0.028713956475257875,"w":0.9683553576469421},"size":1.6812496185302735,"orthographic":false}