{"cameraMode":{"drawMode":0,"name":"Shaded","section":"Shading Mode"},"sceneLighting":false,"audioPlay":false,"sceneViewState":{"m_AlwaysRefresh":false,"showFog":true,"showSkybox":false,"showFlares":true,"showImageEffects":true,"showParticleSystems":true,"showVisualEffectGraphs":true,"m_FxEnabled":true},"in2DMode":false,"pivot":{"x":8.479999542236329,"y":0.7339999675750732,"z":-0.25999975204467776},"rotation":{"x":0.18106529116630555,"y":-0.11464732885360718,"z":0.021185463294386865,"w":0.976632297039032},"size":13.414741516113282,"orthographic":false}