{"cameraMode":{"drawMode":0,"name":"Shaded","section":"Shading Mode"},"sceneLighting":false,"audioPlay":false,"sceneViewState":{"m_AlwaysRefresh":false,"showFog":true,"showSkybox":false,"showFlares":true,"showImageEffects":true,"showParticleSystems":true,"showVisualEffectGraphs":true,"m_FxEnabled":true},"in2DMode":false,"pivot":{"x":4.5132598876953129,"y":0.8451811671257019,"z":-6.374985218048096},"rotation":{"x":0.013284812681376934,"y":-0.9480350613594055,"z":0.04016343876719475,"w":0.3158007264137268},"size":1.2159428596496583,"orthographic":false}