{"cameraMode":{"drawMode":0,"name":"Shaded","section":"Shading Mode"},"sceneLighting":false,"audioPlay":false,"sceneViewState":{"m_AlwaysRefresh":false,"showFog":true,"showSkybox":false,"showFlares":true,"showImageEffects":true,"showParticleSystems":true,"showVisualEffectGraphs":true,"m_FxEnabled":true},"in2DMode":false,"pivot":{"x":2.3019707202911379,"y":0.32976508140563967,"z":-5.499642848968506},"rotation":{"x":0.05923163890838623,"y":-0.903306245803833,"z":0.1326954960823059,"w":0.40399953722953799},"size":2.3419277667999269,"orthographic":false}