{"cameraMode":{"drawMode":0,"name":"Shaded","section":"Shading Mode"},"sceneLighting":false,"audioPlay":false,"sceneViewState":{"m_AlwaysRefresh":false,"showFog":true,"showSkybox":false,"showFlares":true,"showImageEffects":true,"showParticleSystems":true,"showVisualEffectGraphs":true,"m_FxEnabled":true},"in2DMode":false,"pivot":{"x":50.929725646972659,"y":1.358510136604309,"z":99.71529388427735},"rotation":{"x":0.04737512022256851,"y":-0.10668353736400604,"z":-0.005347260739654303,"w":-0.9932488799095154},"size":0.10232671350240708,"orthographic":false}