{"cameraMode":{"drawMode":0,"name":"Shaded","section":"Shading Mode"},"sceneLighting":true,"audioPlay":false,"sceneViewState":{"m_AlwaysRefresh":false,"showFog":true,"showSkybox":false,"showFlares":true,"showImageEffects":true,"showParticleSystems":true,"showVisualEffectGraphs":true,"m_FxEnabled":true},"in2DMode":false,"pivot":{"x":8.479999542236329,"y":0.734000027179718,"z":-0.25999999046325686},"rotation":{"x":0.03718927130103111,"y":0.9625559449195862,"z":-0.20153722167015077,"w":0.17756617069244386},"size":0.6471052765846252,"orthographic":false}