{"cameraMode":{"drawMode":0,"name":"Shaded","section":"Shading Mode"},"sceneLighting":true,"audioPlay":false,"sceneViewState":{"m_AlwaysRefresh":false,"showFog":true,"showSkybox":true,"showFlares":true,"showImageEffects":true,"showParticleSystems":true,"showVisualEffectGraphs":true,"m_FxEnabled":true},"in2DMode":false,"pivot":{"x":136.76800537109376,"y":29.561975479125978,"z":64.82793426513672},"rotation":{"x":-0.19085171818733216,"y":-0.22622109949588777,"z":0.04517535865306854,"w":-0.954154372215271},"size":40.090354919433597,"orthographic":false}