{"cameraMode":{"drawMode":0,"name":"Shaded","section":"Shading Mode"},"sceneLighting":false,"audioPlay":false,"sceneViewState":{"m_AlwaysRefresh":false,"showFog":true,"showSkybox":false,"showFlares":true,"showImageEffects":true,"showParticleSystems":true,"showVisualEffectGraphs":true,"m_FxEnabled":true},"in2DMode":false,"pivot":{"x":25.450000762939454,"y":0.9700000286102295,"z":12.249995231628418},"rotation":{"x":0.20975805819034577,"y":-0.13286679983139039,"z":0.028713956475257875,"w":0.9683553576469421},"size":1.55207097530365,"orthographic":false}