{"cameraMode":{"drawMode":0,"name":"Shaded","section":"Shading Mode"},"sceneLighting":true,"audioPlay":false,"sceneViewState":{"m_AlwaysRefresh":false,"showFog":true,"showSkybox":false,"showFlares":true,"showImageEffects":true,"showParticleSystems":true,"showVisualEffectGraphs":true,"m_FxEnabled":true},"in2DMode":false,"pivot":{"x":115.3479995727539,"y":37.7400016784668,"z":118.69599914550781},"rotation":{"x":0.027840856462717058,"y":-0.9422739148139954,"z":0.32369759678840639,"w":0.08104196935892105},"size":14.658343315124512,"orthographic":false}