{"cameraMode":{"drawMode":0,"name":"Shaded","section":"Shading Mode"},"sceneLighting":false,"audioPlay":false,"sceneViewState":{"m_AlwaysRefresh":false,"showFog":true,"showSkybox":false,"showFlares":true,"showImageEffects":true,"showParticleSystems":true,"showVisualEffectGraphs":true,"m_FxEnabled":true},"in2DMode":false,"pivot":{"x":18.983535766601564,"y":0.7591514587402344,"z":17.558143615722658},"rotation":{"x":0.34158939123153689,"y":0.06635089963674545,"z":-0.02471546083688736,"w":0.9373435378074646},"size":84.71495819091797,"orthographic":false}