{"cameraMode":{"drawMode":0,"name":"Shaded","section":"Shading Mode"},"sceneLighting":false,"audioPlay":false,"sceneViewState":{"m_AlwaysRefresh":false,"showFog":true,"showSkybox":false,"showFlares":true,"showImageEffects":true,"showParticleSystems":true,"showVisualEffectGraphs":true,"m_FxEnabled":true},"in2DMode":false,"pivot":{"x":4.875300407409668,"y":0.9900306463241577,"z":-5.870200157165527},"rotation":{"x":0.011015406809747219,"y":-0.9283366203308106,"z":-0.02756873145699501,"w":-0.37061604857444765},"size":0.7085351347923279,"orthographic":false}