{"cameraMode":{"drawMode":0,"name":"Shaded","section":"Shading Mode"},"sceneLighting":false,"audioPlay":false,"sceneViewState":{"m_AlwaysRefresh":false,"showFog":true,"showSkybox":false,"showFlares":true,"showImageEffects":true,"showParticleSystems":true,"showVisualEffectGraphs":true,"m_FxEnabled":true},"in2DMode":false,"pivot":{"x":0.011979999952018261,"y":-0.01848883181810379,"z":-0.03743999823927879},"rotation":{"x":-0.035305410623550418,"y":0.06925347447395325,"z":-0.0024641973432153465,"w":-0.9969996213912964},"size":0.007929086685180664,"orthographic":false}