{"cameraMode":{"drawMode":0,"name":"Shaded","section":"Shading Mode"},"sceneLighting":true,"audioPlay":false,"sceneViewState":{"m_AlwaysRefresh":false,"showFog":true,"showSkybox":false,"showFlares":true,"showImageEffects":true,"showParticleSystems":true,"showVisualEffectGraphs":true,"m_FxEnabled":true},"in2DMode":false,"pivot":{"x":3.2950668334960939,"y":0.5830001831054688,"z":12.059999465942383},"rotation":{"x":0.20266011357307435,"y":-0.4380333423614502,"z":0.10205305367708206,"w":0.869853675365448},"size":5.549654960632324,"orthographic":false}