{"cameraMode":{"drawMode":0,"name":"Shaded","section":"Shading Mode"},"sceneLighting":true,"audioPlay":false,"sceneViewState":{"m_AlwaysRefresh":false,"showFog":true,"showSkybox":true,"showFlares":true,"showImageEffects":true,"showParticleSystems":true,"showVisualEffectGraphs":true,"m_FxEnabled":true},"in2DMode":false,"pivot":{"x":58.46220397949219,"y":-13.148944854736329,"z":123.73033905029297},"rotation":{"x":-0.4453393816947937,"y":0.05168267339468002,"z":-0.026208428665995599,"w":-0.8937178254127502},"size":14.669404029846192,"orthographic":false}