{"cameraMode":{"drawMode":0,"name":"Shaded","section":"Shading Mode"},"sceneLighting":true,"audioPlay":false,"sceneViewState":{"m_AlwaysRefresh":false,"showFog":true,"showSkybox":true,"showFlares":true,"showImageEffects":true,"showParticleSystems":true,"showVisualEffectGraphs":true,"m_FxEnabled":true},"in2DMode":false,"pivot":{"x":444.786376953125,"y":251.98455810546876,"z":99.33036041259766},"rotation":{"x":0.055482860654592517,"y":-0.011661370284855366,"z":0.00011103077849838883,"w":0.9985445141792297},"size":101.9497299194336,"orthographic":false}