{"cameraMode":{"drawMode":0,"name":"Shaded","section":"Shading Mode"},"sceneLighting":true,"audioPlay":false,"sceneViewState":{"m_AlwaysRefresh":false,"showFog":true,"showSkybox":true,"showFlares":true,"showImageEffects":true,"showParticleSystems":true,"showVisualEffectGraphs":true,"m_FxEnabled":true},"in2DMode":false,"pivot":{"x":52.22269058227539,"y":15.157519340515137,"z":118.94864654541016},"rotation":{"x":0.09821172803640366,"y":-0.6949702501296997,"z":0.09676842391490936,"w":0.7057490348815918},"size":42.10902404785156,"orthographic":false}