{"cameraMode":{"drawMode":0,"name":"Shaded","section":"Shading Mode"},"sceneLighting":false,"audioPlay":false,"sceneViewState":{"m_AlwaysRefresh":false,"showFog":true,"showSkybox":false,"showFlares":true,"showImageEffects":true,"showParticleSystems":true,"showVisualEffectGraphs":true,"m_FxEnabled":true},"in2DMode":false,"pivot":{"x":21.366676330566408,"y":0.8302560448646545,"z":-12.648333549499512},"rotation":{"x":0.18106529116630555,"y":-0.11464732885360718,"z":0.021185463294386865,"w":0.976632297039032},"size":1.4505113363265992,"orthographic":false}