{"cameraMode":{"drawMode":0,"name":"Shaded","section":"Shading Mode"},"sceneLighting":true,"audioPlay":false,"sceneViewState":{"m_AlwaysRefresh":false,"showFog":true,"showSkybox":false,"showFlares":true,"showImageEffects":true,"showParticleSystems":true,"showVisualEffectGraphs":true,"m_FxEnabled":true},"in2DMode":false,"pivot":{"x":296.1656494140625,"y":91.92274475097656,"z":4.080718994140625},"rotation":{"x":-0.05428635701537132,"y":0.007804357446730137,"z":-0.0010241455165669323,"w":-0.9986903667449951},"size":859.3327026367188,"orthographic":false}