{"cameraMode":{"drawMode":0,"name":"Shaded","section":"Shading Mode"},"sceneLighting":true,"audioPlay":false,"sceneViewState":{"m_AlwaysRefresh":false,"showFog":true,"showSkybox":true,"showFlares":true,"showImageEffects":true,"showParticleSystems":true,"showVisualEffectGraphs":true,"m_FxEnabled":true},"in2DMode":false,"pivot":{"x":10.074859619140625,"y":-1.2175979614257813,"z":111.24848937988281},"rotation":{"x":-0.21803289651870728,"y":0.5037853121757507,"z":-0.13310258090496064,"w":-0.8252131342887878},"size":18.861513137817384,"orthographic":false}