{"cameraMode":{"drawMode":0,"name":"Shaded","section":"Shading Mode"},"sceneLighting":false,"audioPlay":false,"sceneViewState":{"m_AlwaysRefresh":false,"showFog":true,"showSkybox":false,"showFlares":true,"showImageEffects":true,"showParticleSystems":true,"showVisualEffectGraphs":true,"m_FxEnabled":true},"in2DMode":false,"pivot":{"x":0.009294837713241578,"y":2.0591506958007814,"z":-0.0029844343662261965},"rotation":{"x":-0.1470331847667694,"y":-0.5700220465660095,"z":0.10129893571138382,"w":-0.802666187286377},"size":0.34929925203323367,"orthographic":false}